Company Name,Price,Volume,MACD hist,ADX,ATR,EMA 200,RSI,Stochastic Oscillator,MACD hist sloap*,EMA 200 Sloap
ABB India Ltd.,9020.0,51152,-20.287189730915628,62.67665408438539,52.358935192604086,8357.86316971347,68.65253537969343,28.386167146974064,-1.4385982835175355,0.00073776513419274
ACC Ltd.,2661.699951171875,60022,-2.1302971643336956,20.936877620432647,8.71530212346771,2576.5423854540745,52.8932264170674,47.34980503122951,0.26752172096010707,0.00032154448192421055
APL Apollo Tubes Ltd.,1558.0,22788,0.9143056224445748,14.553752174695498,6.410298822587241,1578.1655176646545,51.73651793095431,77.80329059470935,-0.19304122720445382,-0.00013008248988620455
AU Small Finance Bank Ltd.,661.0,568742,0.29362908474883587,26.58871274696531,2.299450907044239,661.8509948571302,43.6069729492304,41.95789869052294,0.04304944208477779,-1.2939050124013373e-05
Adani Energy Solutions Ltd.,1018.5,61686,-0.8334840473845967,19.611667311937335,2.9576158096945813,1030.552424495794,37.46279333392023,5.319135121096033,-0.050400838924891334,-0.00011892969507112567
Adani Enterprises Ltd.,3261.75,177324,0.478033343200865,40.013988378475304,10.702470711709248,3228.6545346248736,59.89212160689946,60.50676388616005,0.2153767702484437,0.00010197524104033073
Adani Green Energy Ltd.,1804.25,58500,1.0200819363795262,22.719149961965876,6.038704398465494,1839.4883567691315,47.75748274819973,51.785714285714285,-0.10087686584155264,-0.00019628895074866984
Adani Ports and Special Economic Zone Ltd.,1429.699951171875,330435,-1.0432419186638082,29.538350986688496,5.380358042850214,1400.9982414982176,58.72837480550063,44.815873275087775,-0.07079715589970803,0.0002017621903593722
Adani Power Ltd.,746.0,424417,-0.08878649053434429,26.25748265793776,2.2290070088024407,754.7178332044566,33.387611862687876,8.571661086309524,-0.1336081853510369,-0.00011744827629374276
Adani Total Gas Ltd.,945.7000122070312,71359,-0.3351856573951508,16.100791103774327,2.44134889389851,961.3361329886029,38.62341831502454,10.000174386160714,0.008773680376227944,-0.0001661699698633827
Aditya Birla Capital Ltd.,239.5500030517578,449375,-0.313503062514162,20.53313806894028,1.079513403709991,233.6579580311,42.19170944248067,4.838995481438458,-0.0088401358853884,0.0002471990487018508
Aditya Birla Fashion and Retail Ltd.,328.95001220703125,196012,-0.08850553952915324,17.452687361122468,1.0823814345076854,319.77992775474456,53.134674882492014,80.00044389204545,0.0565365350135249,0.0002801691727217159
Alkem Laboratories Ltd.,5106.89990234375,5150,2.1851311999775076,23.221344321624322,15.440640321996772,5027.4289530976075,60.92634765768531,86.1679279158347,0.40413150460986014,0.00015639684011284726
Ambuja Cements Ltd.,673.5999755859375,858742,-0.7137948728811425,31.062649155701045,3.1412100019725173,646.9175041344726,48.21024575911501,17.18705296686948,-0.14390410472578719,0.0003981080046692926
Apollo Hospitals Enterprise Ltd.,6207.60009765625,25209,-0.5869880487212988,12.083091682855567,13.434242296252211,6085.299499528097,55.253623980780056,71.66254224209042,-0.11048131177935527,0.0001980075585806175
Apollo Tyres Ltd.,476.6000061035156,134844,0.2932657288226648,15.777776327739739,1.2384273867639433,477.34581122118186,53.510805211736816,64.10266442349075,-0.036436587003430054,-1.5727085028880113e-05
Ashok Leyland Ltd.,239.0500030517578,1470188,-0.16105867530300533,28.4407822858798,0.9948990895286981,233.08118496480196,48.1732444490527,31.250180620177442,-0.11123111980558553,0.00025094382225947893
Asian Paints Ltd.,2918.800048828125,117783,-0.6864640367321568,27.505404015554184,5.388402070165317,2911.616396364011,48.85651056408524,18.506951600374133,-0.21145368426617628,2.473534020644948e-05
Astral Ltd.,2271.0,50754,-1.035268923294712,22.924490838853586,8.122371545173392,2201.846626244053,57.118190338146846,68.44963770481102,0.2829470899204516,0.0003060364515484986
Aurobindo Pharma Ltd.,1259.0,164849,0.5989931497227854,17.35696094032128,4.850292303537431,1247.323037232072,58.403957778212366,62.056845039694565,-0.04463069126731467,9.321398707547082e-05
Avenue Supermarts Ltd.,4728.0,27979,-1.0799102431544156,31.370219767503432,12.099626792877581,4692.560295677678,54.47739943463072,27.038015004819982,-0.5756575991748178,7.533374215048146e-05
Axis Bank Ltd.,1181.050048828125,508149,0.7216625025898976,19.341438394718967,3.3573742687715926,1184.3439594757656,55.14911862567946,80.29561389794225,0.027750820073260907,-2.8029827912440118e-05
BSE Ltd.,2752.89990234375,60031,3.8277826339034284,30.881937077484114,11.218087607802564,2696.2685378499177,59.71381350602019,62.71814208014949,-0.495140761821828,0.0002067490509424586
Bajaj Auto Ltd.,9957.0,21421,-0.8204426554161728,25.459444000977296,30.97543475621905,9726.919106840556,55.406520148905464,47.909666537261884,-1.1809471430075327,0.00023223569202801488
Bajaj Finance Ltd.,7340.5,156311,-1.1368055588103019,41.653352501992046,19.57908345061737,7142.577038159872,58.81887737495392,65.39371409259886,0.4592754215728565,0.0002709863763886346
Bajaj Finserv Ltd.,1591.75,70865,0.1336538331123771,12.468519023604582,4.350375937284829,1571.6352368185312,54.546029782254855,61.00926164424983,-0.013026003082107218,0.00012700387870859527
Bajaj Holdings & Investment Ltd.,8300.9501953125,2345,1.2668660688316438,13.489938995312604,13.526404839353926,8273.008649672227,45.359146398039336,17.971085007298257,-0.18281119740533036,3.382980834308573e-05
Balkrishna Industries Ltd.,3240.60009765625,12032,2.0343942247796827,41.71739656022422,10.258404275113337,3177.9880654955623,64.02911191514562,69.29092384418641,-0.5690077604589545,0.00019418213785054513
Bandhan Bank Ltd.,194.14999389648438,440050,0.023797910227529695,17.995906921301113,0.513875144283854,194.56433275732087,42.70665423401009,45.112031481247776,-0.0025932239584990913,-2.144841507878994e-05
Bank of Baroda,286.20001220703125,970099,-0.030441223017123265,20.882122538847067,0.966618223078971,277.2825610478516,59.35365070006938,60.00037560096154,-0.041721169941343006,0.00031314682352479386
Bank of India,125.9800033569336,1400195,-0.07547046899634219,30.80246979059918,0.3201559580580159,124.18150654068302,60.01584760919926,68.96601619278756,0.02731961730798077,0.00014347788859574883
Bank of Maharashtra,66.33000183105469,945542,-0.030106295589688234,19.44734508623964,0.18998875803811796,66.77526419336174,37.55869332866733,14.706080348260567,0.008697281205101284,-6.746567906849029e-05
Berger Paints India Ltd.,502.70001220703125,127010,-0.04778590596601445,20.24332070163597,1.053459476041705,492.05160647168583,52.87709340668547,70.83402209986903,-0.024268059964312416,0.00021288870204953507
Bharat Dynamics Ltd.,1578.949951171875,453617,0.36415917067674286,47.81679170971382,16.088155293295408,1451.1389799003637,71.90132895507656,58.31954652344473,-1.1554781039984299,0.0008135358398376656
Bharat Electronics Ltd.,309.79998779296875,4594519,-0.417557385939487,47.991347158414676,1.4492386183978765,290.5474264931947,68.82379436891509,85.10616193753653,0.014758018269211526,0.0006245741963006213
Bharat Forge Ltd.,1714.0,157415,-1.5890533414385004,63.59468188703736,10.743628308492012,1612.494641644521,63.5704132392106,54.18544603518179,-1.3198447422369277,0.0005951892388164774
Bharat Heavy Electricals Ltd.,304.8999938964844,1545958,-0.4947700667422912,18.638961873479087,1.5601520520522618,293.23537683759974,50.10311449404654,8.163150912725847,-0.05637863810542143,0.00038449437388288964
Bharat Petroleum Corporation Ltd.,626.6500244140625,433593,-0.2929985675111817,36.33708049820337,1.5041956336139946,614.0812693155168,60.30733822288816,46.57614421163526,-0.0077389286242908195,0.0002015784597426546
Bharti Airtel Ltd.,1426.800048828125,401104,0.4165509614923233,16.56254004104933,4.238235161674792,1412.0019529575136,47.86255253905511,54.24540795762078,0.03850544155441615,0.00010423645677361203
Biocon Ltd.,334.25,357986,-0.013912488335406703,42.377278642307594,1.1206046838368446,332.37894429685963,30.531569033459405,0.0,-0.009921185315061476,5.625902746776321e-05
Bosch Ltd.,32327.80078125,9259,-16.21319982738632,30.799773628888126,155.76303382615447,31417.02965856442,51.13053413888238,45.83516725352113,-3.880224609710453,0.0002831457259309777
Britannia Industries Ltd.,5393.64990234375,17989,0.5741885573072754,11.875165300197333,11.04865775032899,5416.367189263016,47.89634009364679,73.97490544515819,0.25208610674433807,-4.2330230091565636e-05
CG Power and Industrial Solutions Ltd.,688.0,247817,0.7508480084725759,45.24663617777527,3.4910263853784707,663.5296736539666,67.26372098960363,69.92847674401666,-0.31876729069337006,0.0003574606513093637
Canara Bank,120.80999755859375,2357451,0.07912375928567883,19.845813179660485,0.3399702996610037,120.49305191211232,47.71836237270548,81.99920654296875,0.00462132902546486,2.6366885573145886e-05
Cholamandalam Investment and Finance Company Ltd.,1447.0,81560,-1.9116904215346757,20.07420515935098,4.97483190721787,1367.816689337876,57.40428821107445,42.65383102307176,0.0377422668262577,0.0005499738544979318
Cipla Ltd.,1564.75,246758,0.16211116364986378,42.206148508879764,3.497764916826776,1524.0205235122787,72.57316641523916,81.5902915398288,0.1100116692727342,0.0002616018355892881
Coal India Ltd.,487.5,659191,-0.12411999070530964,12.885462834482306,1.3720591529290531,482.9257630313244,48.837886567659574,45.45471359609373,0.02265317948278768,9.430201198157215e-05
Coforge Ltd.,5193.0,39393,1.1145449847405438,39.12907546565025,14.012527738184298,5206.812102716322,34.563725231982474,14.893364401371347,-0.5236531547383603,-2.673119635600704e-05
Colgate Palmolive (India) Ltd.,2952.60009765625,19242,-0.7362685883508147,9.600837657194893,9.517406439623658,2917.1473800529216,50.252950054393004,47.111545138888886,0.35846949203231415,0.00012067625409702624
Container Corporation of India Ltd.,1135.199951171875,179878,0.3881890045897991,19.96807789445155,4.856539241685502,1100.0048855093141,49.81669319144862,59.32178842612708,0.01738173523579567,0.0003115920261666789
Cummins India Ltd.,3824.300048828125,133909,-0.9509790947031398,54.05319838167139,19.571218205370194,3652.381580981403,60.96159538299499,34.878825151384085,-2.017996974845577,0.00045180131668385437
DLF Ltd.,878.5999755859375,239562,-0.2872975969950542,15.374809028710215,2.461579191145949,853.3398011696496,56.466742940578655,64.1504001842575,0.08283259720773573,0.00028894958651915495
Dabur India Ltd.,608.7000122070312,96732,-0.11995420254491262,15.799881167106689,1.6742487054257775,604.5488999837135,42.3923646959024,26.66693793402778,0.011890139318490811,6.853905043669951e-05
Dalmia Bharat Ltd.,1886.9000244140625,23956,1.1920687690784226,17.61382721770755,5.682722914785269,1852.7802309503256,58.196030337621416,99.2001953125,0.3905118273013728,0.00018173326232773593
Deepak Nitrite Ltd.,2413.699951171875,34925,-3.005320702431351,33.331105725667925,7.8440418555876805,2338.862363367117,46.6012031863871,19.587395338691543,0.3469300363820378,0.00031161145795550343
Delhivery Ltd.,406.0,143967,-0.6253707178858217,52.69935691894517,1.9184806299903756,393.4215923585386,58.61758793682209,28.57163617339747,-0.05186290324074072,0.00031136984532166166
Divi's Laboratories Ltd.,4588.60009765625,17377,0.5080229824155396,16.318702793164242,12.749819571079465,4504.510623432714,55.08392030239704,78.77231182445206,0.07155920062556786,0.0001841782517476418
Dixon Technologies (India) Ltd.,11242.849609375,34562,-34.865875321732574,40.22631796309637,81.23730893879586,10320.527871805221,56.75746259764779,55.96068211905891,6.997705345959105,0.0008244853861584057
Dr. Lal Path Labs Ltd.,2757.550048828125,26669,4.301230854807061,26.234001862892818,10.188884455659354,2753.9242629445494,54.976809180655124,94.29579986698727,0.6303396578325042,1.3214650137374753e-05
Dr. Reddy's Laboratories Ltd.,6085.0,33119,2.6837267283394777,17.5900495823693,10.310107538575805,6013.153922540305,62.78177381283961,84.50704225352112,-0.17206160921125502,0.00011866411343449105
Eicher Motors Ltd.,4929.0,41054,6.4873344943608835,41.90968480303259,18.098606721469025,4778.744303790519,72.26370242123289,85.53237809619016,-1.1461867339699303,0.00030637198206386236
Escorts Kubota Ltd.,4292.10009765625,18758,-2.4953408814637115,34.430861641124686,15.67486686173829,4105.850903935124,59.7133756480341,52.38812134454229,-0.2765435085797989,0.0004361154564404517
FSN E-Commerce Ventures Ltd.,170.3000030517578,1102389,0.6621790289410285,32.077080918628745,1.4581758426338582,168.0680814366997,61.96392272608202,52.17394439629001,-0.15748004945787808,0.00013171680924081144
Federal Bank Ltd.,174.0,1331973,0.021795969963691375,38.46114905200111,0.4774708996282806,168.63614592850823,59.286768046453,53.7634232179627,-0.03665214334403921,0.0003098165581638566
Fertilisers and Chemicals Travancore Ltd.,778.0,71332,-0.9075417255412559,29.088555646772665,3.9344343500731864,751.8692094627808,41.11321773408889,11.111272579309142,-0.31429979277822784,0.0003375591393629412
Fortis Healthcare Ltd.,501.0,209553,1.1701831768140618,41.942849317056414,4.30470546222572,468.3647234166157,69.88947102980167,71.42854104772012,-0.04779339607732069,0.0006546761067491202
GAIL (India) Ltd.,221.8800048828125,1278630,-0.36562211254832033,23.59108240021004,0.9152264352568033,213.67386716925807,50.53673146528328,15.151919935060265,0.013688492308211453,0.00037170427280478656
GMR Airports Infrastructure Ltd.,93.86000061035156,6545169,-0.11449900842995842,43.54815620593265,0.4495401223629772,89.29757582952942,60.56233892467036,43.5899943920602,0.0030854798865787014,0.0004885309512781964
Gland Pharma Ltd.,1845.0,18830,-3.1653394962312933,47.17848166489217,6.137603800261152,1864.5611659503174,17.987967856860877,30.18643508348604,-0.9091404183461846,-0.00010655535645872468
Godrej Consumer Products Ltd.,1391.0,51098,-0.620594491313331,19.048386005876615,4.069334327663356,1398.804281792014,29.062253812329928,7.335557943555229,-0.2116837030849319,-5.638748589825136e-05
Godrej Properties Ltd.,2998.5,67464,0.17575732978427272,13.276093557602143,13.244016504354889,2902.8601697176664,48.56865015983231,65.30909840774183,0.21907537865975701,0.00032056172234303453
Grasim Industries Ltd.,2467.050048828125,85774,-2.68709698710748,20.122133445214498,9.765487097111603,2428.7845844655153,42.61890070724493,13.594537089236029,-0.03871223945486024,0.00015588558143162965
Gujarat Gas Ltd.,632.0499877929688,155477,-0.6261077518200097,27.001668721486645,2.951801806695738,600.2246806943547,53.402460399546115,56.249826605631846,0.21314685798297217,0.0005060554367958167
HCL Technologies Ltd.,1431.199951171875,189145,0.2471146914505289,19.151691272508973,3.523761468055341,1414.6469645348016,41.511500127307485,27.23362699468085,-0.24155193109348483,0.0001162392959894779
HDFC Asset Management Company Ltd.,4017.0,62135,0.8823243649692589,13.03392652397112,15.902421986985024,3899.1193178840385,58.44195612841606,81.42068119054925,0.17837160193726564,0.00029492916941186256
HDFC Bank Ltd.,1596.9000244140625,1181128,-0.018898890826557047,32.66691617051569,3.0968438998808305,1567.4989397768834,64.1881304520595,71.03481950431035,-0.03929045916359719,0.00018503868951931494
HDFC Life Insurance Company Ltd.,596.8499755859375,245881,-0.25339849412115,21.380475088389478,1.9545296203178992,576.1753050929157,53.07270761101342,47.41339394704718,-0.11880404361281038,0.00034813712255193674
Havells India Ltd.,1838.550048828125,123308,-1.2759057376812382,23.665017431872453,5.055818679207171,1841.3844513590209,41.75894849075735,6.680273991558846,0.10675056582764131,-1.549397995169326e-05
Hero MotoCorp Ltd.,5804.2001953125,78328,-3.4452679624452127,18.515413684095563,19.598907455599175,5677.6567699544485,44.44381570743183,23.54202832496632,-0.9719960886248744,0.00021911601545142177
Hindalco Industries Ltd.,683.5999755859375,532838,-0.20469433517527236,28.569095228404912,1.8416680207327083,679.4945224614,52.62489064011896,51.64795363998551,0.016029427639884797,6.035815812780075e-05
Hindustan Aeronautics Ltd.,5188.10009765625,271636,-12.765759644056835,55.394893187192324,27.490334254055334,4917.321566830471,55.84292908907652,1.2361329094396825,-1.4196993352656833,0.0005245450585727601
Hindustan Petroleum Corporation Ltd.,536.2999877929688,594144,-0.19919794579659955,30.042757746758518,2.0006154304759467,528.0365630155161,55.643020559150614,60.952613467261905,0.0001016682474423991,0.0001548564183128822
Hindustan Unilever Ltd.,2480.0,133069,1.1902297539263689,35.40953550561524,5.181020039478495,2507.3590145107155,42.641596782318445,72.0,-0.08608056770003891,-0.00011087297175674482
ICICI Bank Ltd.,1105.050048828125,1352878,0.1802390862480725,14.006842008839525,2.639996121680159,1115.58754276808,42.59991346945708,24.390631202858277,-0.06580529347990649,-9.583680107544405e-05
ICICI Lombard General Insurance Company Ltd.,1730.199951171875,142071,-4.634461577973655,44.061447683733476,8.215572873344843,1666.0131948754192,54.19646739489136,2.5168300790524873,-0.08412085769506561,0.0003728430506937308
ICICI Prudential Life Insurance Company Ltd.,613.0,117212,-0.9677144439082772,60.47305020426594,3.0711039584652515,583.2941882865678,60.79077626923191,30.980487898284313,-0.18593347284787942,0.00048703241678920746
IDBI Bank Ltd.,86.61000061035156,539997,-0.04901312626615263,19.413313931012883,0.26401276516682276,86.4084133571351,44.15772326333435,29.464376945661133,0.012778609657027713,2.3392247207055965e-05
IDFC First Bank Ltd.,78.12000274658203,4740652,0.02783188564321607,16.764076231589865,0.16733606949995924,77.50124586336226,64.08315416403086,87.50089407052428,0.01983662832955179,7.960396728462133e-05
ITC Ltd.,431.3999938964844,775510,0.16251006836434456,19.273772580599037,0.6997027399551935,432.24806425194276,58.511867948321225,93.93900160911461,0.031547812362641814,-1.975734880838464e-05
Indian Bank,540.7000122070312,49450,0.11327702329573591,12.801699519196331,1.4159387979002915,540.8798244131749,56.48079379722364,63.414960922962415,0.06948758407031289,-3.3422559828921493e-06
Indian Hotels Co. Ltd.,612.0,735771,-0.32434277506714393,48.58184263005097,3.098202675480421,585.4820556934083,63.20589249494578,64.6766954736759,-0.02950459004115169,0.0004354771292177919
Indian Oil Corporation Ltd.,169.8000030517578,1908232,-0.11588041661530529,18.02191700536179,0.4492808359493,167.29507376081767,42.24288351377152,13.445658306406115,-0.036645199047557,0.00014826365312552777
Indian Railway Catering And Tourism Corporation Ltd.,1017.2999877929688,142920,-0.11126720253619782,12.203781589079956,2.467770888605421,1010.3935860641112,39.73018442627966,18.382385940347003,-0.022322217263955002,6.823068267448567e-05
Indian Railway Finance Corporation Ltd.,174.85000610351562,1869035,-0.023882805747770602,8.36635889092309,0.46674638250751166,175.46205185308537,43.852656149868785,22.7274618873892,0.008947451967165843,-3.51799448028431e-05
Indraprastha Gas Ltd.,481.75,128711,-0.5032722311266054,15.534194977418966,1.8366348892972455,473.2584944115372,38.71773095115265,10.000101725260416,-0.0749770662017174,0.0001771494856422949
Indus Towers Ltd.,340.75,1654473,-0.13739476764080572,19.77661630081756,2.1572334034319964,342.38175721429184,46.07507344510191,27.10847360409451,-0.11326745077192357,-4.8127864982745446e-05
IndusInd Bank Ltd.,1502.3499755859375,546799,-1.2396083700501748,23.248620009969414,4.732846905408967,1485.7747618237288,47.7987389302756,33.22248357531024,0.1579401833618299,0.00011088299373919434
Info Edge (India) Ltd.,6250.0,15210,5.4161319460194886,20.61644465667801,24.62377715227407,6192.763476873951,51.94516377444092,71.29805267550691,1.2567980496438675,9.203863015252864e-05
Infosys Ltd.,1488.5999755859375,395172,0.07543768335675982,17.56090058495105,2.30220339698232,1483.6652024529892,44.22939690702731,30.927990737711106,0.02395943351752039,3.3317016453304844e-05
InterGlobe Aviation Ltd.,4271.9501953125,68442,-0.24163867225869406,16.11289229183244,10.167729720091772,4312.06272269955,45.45540771403061,37.858072916666664,0.17995074889240392,-9.436930683490916e-05
Ipca Laboratories Ltd.,1179.3499755859375,24836,-1.4363194968223603,22.68092670290119,5.230655935182064,1188.0254964272983,28.539521462161673,15.094252708837695,-0.17507736949515706,-7.393154368065365e-05
JSW Energy Ltd.,680.0999755859375,496701,-1.0317805520510266,57.95392961681278,3.0376844569179844,642.9472879106306,61.64003391267704,18.98728309408656,-0.003638099977765208,0.0005490278773517819
JSW Infrastructure Ltd.,300.6000061035156,405999,-0.42433628484368313,21.616209453251432,1.8218637410519471,288.3270621479993,57.5247673599333,63.63642668886114,0.09255215911682568,0.00041033322655602695
JSW Steel Ltd.,918.0,206013,0.06084759180195509,18.12295244697901,2.624459520667546,908.0920713586842,49.265146239573134,30.81771629060367,-0.3491117225184821,0.00010847186522277514
Jindal Steel & Power Ltd.,1051.9000244140625,127033,-0.6283549963211223,47.64817852116322,3.385420802810938,1031.5736923263453,52.58611983019248,21.62162162162162,-0.1669496907090391,0.0001942054756715732
Jio Financial Services Ltd.,357.79998779296875,1410644,-0.05787555076800732,19.01914029517132,0.9603576121386788,354.6597733442685,46.52732622800747,50.74562961748335,0.061732212092377836,8.82055485879119e-05
Jubilant Foodworks Ltd.,530.6500244140625,117259,-0.01317348619692682,19.877734819657316,1.7364756455418178,524.7130712849377,45.31633760765754,41.58498410664862,0.08366414147266543,0.00011244298105964217
KPIT Technologies Ltd.,1478.9000244140625,55157,0.022220195850939817,18.731688258231543,5.020917978939983,1481.4671981100075,40.19168007380185,29.427965115118777,-0.2361082557903429,-1.7445899139151673e-05
Kalyan Jewellers India Ltd.,399.8999938964844,96514,-0.07469497799258201,27.33169049575957,1.4986401010639452,401.7884195514124,43.49937497548062,34.693953812809845,0.012490569094908699,-4.745974643780172e-05
Kotak Mahindra Bank Ltd.,1717.199951171875,372274,-0.11324494606952928,11.107603203405132,3.722825256522275,1720.5645723590242,43.808691491605494,32.905568249397476,-0.07215033725508113,-1.9692108825143603e-05
L&T Finance Ltd.,182.0,2671947,-0.32501410661248764,53.44114062500889,0.7593917092814149,169.4589603786095,60.08290482919146,29.268546844412686,0.00733581658708049,0.0006925307648898
L&T Technology Services Ltd.,4848.0,17398,0.2664530429269867,28.4881245807556,11.864890502927578,4802.441071128625,36.05805676668312,41.052888569078945,-0.3166610967060759,9.444692288034636e-05
LIC Housing Finance Ltd.,733.5999755859375,407672,0.49902013420941405,30.396676730030958,2.715523509109142,688.045433799392,73.01394700229714,92.25326989121137,0.19032027618923397,0.0006240929744496655
LTIMindtree Ltd.,5029.0,15412,-3.2158212825384958,15.306622200768588,14.170477186186073,4938.3546244722875,42.562748308763304,12.93106169825418,0.03373245346588316,0.00018115108357009074
Larsen & Toubro Ltd.,3687.800048828125,148499,-0.3901470958399047,19.06241952004871,9.145182020012319,3621.596754502189,50.96723929735346,58.314702970847655,0.26301924902032003,0.00018042185941749417
Laurus Labs Ltd.,435.0,73775,0.05061031414120176,14.469166189657466,1.183797355246318,436.5961826563875,41.59232674489012,29.50811470652979,0.0322258561922929,-3.687824539676366e-05
Life Insurance Corporation of India,1060.300048828125,586082,-0.18658660437700902,53.72401780023557,7.382338071726886,1008.2189058888624,66.34871291519941,58.22074677823794,-0.5096769697409513,0.0004936608018008002
Lupin Ltd.,1604.0999755859375,72717,0.5188030520383315,11.618718853448721,3.74329970046109,1611.4205000074182,50.96046759857576,81.6208298141892,0.047477765481102496,-4.586566353930312e-05
MRF Ltd.,125580.703125,897,-17.563287475707682,15.793363960995084,209.678476664782,126422.45070307422,38.816308527107346,23.825722632226324,-3.4173733676340845,-6.736524357240399e-05
Macrotech Developers Ltd.,1555.0,192233,-2.179438960950331,46.4732834020797,9.983198912371025,1472.10272703458,51.65195048776064,26.384389861150137,-0.10440729695780426,0.0005357803355389865
Mahindra & Mahindra Financial Services Ltd.,298.95001220703125,177837,-0.15749174388210685,36.45879741763072,0.9895206521724098,286.903237035073,65.09867426605173,60.0006103515625,0.008923266968132726,0.0004049945220349832
Mahindra & Mahindra Ltd.,2924.0,252798,-4.04641782969459,49.88736003745531,12.277764769871473,2792.660135021842,60.4427616688026,31.16077597248853,-0.21880027400554525,0.0004514359244175032
Mankind Pharma Ltd.,2230.0,79012,-1.384251670922562,22.191076412123145,8.851085889773158,2193.6143664152423,39.281679676054836,9.090909090909092,-0.4191233669790302,0.0001639841971507751
Marico Ltd.,619.4000244140625,140523,-0.1584752763241215,29.7203226060339,1.8237172374461046,627.0633192547339,53.61963661159123,34.21137166720206,-0.045705828406792826,-0.0001243429699127973
Maruti Suzuki India Ltd.,12845.2001953125,22211,-1.8625506699804362,18.84174333139768,26.31069048474274,12757.42466348818,49.59877241412587,41.18546195652174,-1.1463276109522056,6.86767146930977e-05
Max Financial Services Ltd.,992.9000244140625,80260,-0.45975912953379416,21.557971258173588,2.7446660932120146,965.0568115456243,51.87447514595516,47.127162520520265,-0.08100664170965999,0.00028183228747041795
Max Healthcare Institute Ltd.,929.0499877929688,425732,0.08139502040138424,37.70135595918587,4.9783983026449565,853.8402259690341,70.49484208243688,69.56509651885138,0.5188263510923683,0.0008136020808215459
Mazagoan Dock Shipbuilders Ltd.,3863.0,467057,17.07846144426921,62.85520758697178,65.8025468482692,3259.763031439057,73.62553275636608,74.38524590163935,-6.233829376332352,0.0015694235312231424
MphasiS Ltd.,2407.5,63880,1.2158076723437494,29.142912308993477,7.984010628944345,2407.833164853229,44.6117168064752,56.36782403408764,-0.18343478771822053,-1.3908164007959743e-06
NHPC Ltd.,102.44999694824219,3118709,-0.06716445923099637,17.33470715132304,0.37525310091091946,102.60855307548286,43.93401945337972,12.149279485479191,-0.008174698885209164,-1.5554211463663214e-05
NMDC Ltd.,266.8500061035156,537771,-0.05309741641050658,12.852206208735184,0.9887923532346434,260.41720042488487,53.57502126931399,47.27339311079545,-0.022166042767545135,0.00024227585487873293
NTPC Ltd.,368.5,1012514,0.13729774248924098,12.284884177560087,0.8149684692508162,365.11579722412813,50.66732517971444,64.9993896484375,-0.006559196306810788,9.229874681070555e-05
Nestle India Ltd.,2542.5,46090,0.17559299218955848,11.485674669540737,6.371333532296612,2521.6378261907284,47.56355368899902,36.06601117974305,0.16753043881717566,8.246611151852848e-05
Oberoi Realty Ltd.,1907.800048828125,48210,1.623186894032096,28.90144269932286,7.139575048935062,1896.9241962497917,45.61408921385785,59.91934447618389,-0.17237848194347372,5.729376676851404e-05
Oil & Natural Gas Corporation Ltd.,275.5,1090752,-0.09763508366974893,14.649383546491185,0.6600793044756703,269.5599526723908,47.39849877915999,58.064579641661744,0.021405819873341808,0.00021669316920769566
Oil India Ltd.,699.4500122070312,465131,-0.5399013467153786,17.43653250817963,3.468414480846171,653.3655524210608,62.52096083348489,82.10513466282895,-0.001294815186843934,0.000662177985239536
One 97 Communications Ltd.,423.5,332097,-0.7453204421621908,21.306662028281384,3.3454992431014836,395.37513094190837,44.28482880432619,9.803909835624143,-0.21517985972628195,0.0006674427404577448
Oracle Financial Services Software Ltd.,9509.75,28441,-15.186010533724847,23.682593804980776,50.22930939538926,8717.213545229437,50.93255355903276,43.87573550480785,3.6730866418800545,0.0008375814821847596
PB Fintech Ltd.,1371.5,101755,1.5902143571858716,49.790855969525445,8.849951244252116,1304.5311480143775,71.52243370595667,87.84474339978448,-0.4321039491947456,0.0004907428281446711
PI Industries Ltd.,3642.949951171875,76544,0.4050000306567978,14.792255582738976,9.844555600715372,3628.635012650463,54.52928873067044,87.0724561737805,0.3912181910262039,3.949237041053118e-05
Page Industries Ltd.,38512.69921875,3023,16.923824601252875,11.85300051042149,120.5710214753684,38302.042222418604,49.332102473887275,64.76352062289563,4.700989002805954,5.497292542386005e-05
Patanjali Foods Ltd.,1479.0,21837,-0.4557453857058915,29.519976932979212,6.962666346101264,1446.2434778558757,54.536777448730994,33.402990856175904,0.008121134609129221,0.00022259045154184026
Persistent Systems Ltd.,3772.800048828125,41104,1.4624770263803293,26.213921692536136,14.229833261909116,3721.191789285274,49.435778297382456,28.137698827354,-0.4074034115075027,0.0001374777270441865
Petronet LNG Ltd.,322.79998779296875,286474,-0.15295112769967323,14.804478311265687,1.2094944220543182,313.0912403228433,42.786934845340305,13.043016744951304,-0.12281048318101456,0.00030227805188512815
Pidilite Industries Ltd.,3107.0,28863,-0.17337438087602441,20.160701426857493,8.688386952560977,3100.304777245506,56.63225949692088,72.38071986607143,0.29336678132123195,2.1657119697415624e-05
Piramal Enterprises Ltd.,882.0,62767,-1.6164630190179088,26.836169050491996,3.600306393926631,849.6235828661867,39.02719482875977,5.92318489217813,-0.002404895125075912,0.00036892418024154784
Polycab India Ltd.,7080.0,28822,-4.391113394990356,21.804355355130387,25.437050702281546,6920.870404209712,54.833418516799185,39.960129773677835,0.4425005375221289,0.00022588875988751713
Poonawalla Fincorp Ltd.,437.0,88200,-0.09583254563607929,13.004814969119655,1.3966310710680838,443.124514254,43.711059887386746,49.01954917812072,0.007601955263622506,-0.00014085333426850852
Power Finance Corporation Ltd.,508.8500061035156,656329,-0.41663475189159827,21.858765879395417,2.0061345810774704,492.2160861644918,53.2254326514062,47.321525885558586,-0.06521703429532866,0.0003285350746956266
Power Grid Corporation of India Ltd.,321.5,1406504,0.14491788618639945,11.360131634765724,0.8805250561452629,317.4034402612214,53.42661827956568,78.72345951561587,0.03552651659381012,0.00012806051216510857
Prestige Estates Projects Ltd.,1926.8499755859375,112998,-2.210479240588109,21.243971987824942,14.64771366413719,1814.5835423005321,52.17903300739089,53.03562709263393,0.14906628036694425,0.0005855701670919655
Punjab National Bank,128.75,2253055,-0.08051697569334254,36.628216670596615,0.372845825187036,126.69117755477919,55.809420425394414,11.765339460740316,-0.020660439981227796,0.00016071209993430159
REC Ltd.,530.5,1210644,-0.6294091184272577,37.92542337618533,2.268065887507493,517.4421811120949,51.81178567677574,0.0,-0.20607943889762925,0.00024737862522614465
Rail Vikas Nigam Ltd.,390.0,932555,-0.03404254808199405,11.143250526706021,1.2117229486476881,382.69930793382474,50.70899032666995,53.424634627604426,0.027488373587181293,0.000188137922076492
Reliance Industries Ltd.,2951.050048828125,533447,0.30160399598991994,24.43867639396691,5.976709298840982,2923.044591121885,57.86434440274501,60.395943871692914,-0.3104775160283282,9.537685970700675e-05
SBI Cards and Payment Services Ltd.,728.3499755859375,116174,0.5507195544700086,27.256983787229068,2.0876725330584884,716.0997819664937,58.281789213080096,61.88508392325587,-0.10125931684851663,0.00016903621602309707
SBI Life Insurance Company Ltd.,1469.9000244140625,72838,0.718672899349662,36.9298658462515,4.677203716679598,1435.3812652050005,65.03073626077963,81.64912440182067,-0.12098897428050925,0.00023601755040758741
SJVN Ltd.,135.0,1092276,-0.15891141262372427,24.6762664151078,0.6094472631629202,133.89898240986489,49.80152171376436,22.279497802093545,-0.013564112708969678,8.19666919885212e-05
SRF Ltd.,2401.949951171875,26512,-0.2886396595396117,10.700442948079287,7.399866192971538,2344.4868790797377,55.01779759043542,64.41698494720288,0.2825485277037634,0.00024043727980344764
Samvardhana Motherson International Ltd.,174.89999389648438,1476727,-0.21905719561556292,49.27441110060114,0.8146831329071544,162.58441614936072,68.38957128095814,57.553652780064766,0.00767857924519455,0.0007076881363306225
Shree Cement Ltd.,27459.05078125,2199,-8.997646260393758,10.94781736117711,79.22826022529742,26838.41179784285,44.21698617492375,24.48803073087588,-3.4400878693745254,0.00022715926243683558
Shriram Finance Ltd.,2732.14990234375,239888,-3.564647926269444,48.28525002222028,9.642305717484273,2562.587854777497,65.83081986950987,83.40471655424248,0.11376444617891579,0.0006237363404213068
Siemens Ltd.,7787.0,51072,-17.20322599768707,59.789530932700515,47.78301043585634,7171.234313299695,65.98860491647277,34.25414222694959,-1.7359005528516462,0.0007947347972691278
Sona BLW Precision Forgings Ltd.,650.0,200525,0.590389801264092,18.375897147579504,3.304042156446311,652.9339266855445,54.48026530736754,65.21739130434783,0.21139580694256632,-4.536415439570891e-05
State Bank of India,839.4000244140625,1602253,-0.28625241650754607,19.920434884208365,2.1153774350607817,834.5935385814563,39.911501366524675,44.11772625683281,-0.049419638962143464,5.7548712023475206e-05
Steel Authority of India Ltd.,153.1999969482422,2026522,0.16832307098952892,28.74055477933109,0.6153349277806794,151.66919091914008,64.27800527961836,77.41938659486812,-0.047678374586343386,0.00010042418749092262
Sun Pharmaceutical Industries Ltd.,1516.0,122755,-0.2024018820142801,15.559440144744837,3.2867896991604506,1500.3276547190806,58.23320583523691,73.33333333333333,0.14193842228688625,0.00010389908169432568
Sun TV Network Ltd.,760.0,169228,0.7232789056077853,15.066261833266017,3.202127597663998,738.4403839005831,60.23533516172071,77.15503406908526,0.4143338371118581,0.0002851046826159039
Supreme Industries Ltd.,6040.0498046875,14101,12.60301566315903,14.11324871787429,32.9602971075371,5947.890989248331,57.53521435085586,75.04150390625,2.0592553256077757,0.00015334629358950848
Suzlon Energy Ltd.,49.41999816894531,3843501,-0.05692122756042273,19.7527550040706,0.28984122406260415,48.97413679735764,40.052660921556296,28.037319871369796,0.00102768266382465,9.067217676970983e-05
Syngene International Ltd.,707.0,68662,0.0003723237292467818,28.8729366783966,2.4361187968952285,695.7755211623617,57.1619735433949,67.15316760224539,-0.04564690616180189,0.00015955987629283006
TVS Motor Company Ltd.,2496.300048828125,42818,-1.20040952940092,44.55183040501205,11.526320629504834,2405.515715307636,57.87593231723224,54.27996813626663,-1.1135517057097282,0.0003655030822290895
Tata Chemicals Ltd.,1105.0,142239,-0.1596166998646904,38.814349818385374,3.2775773811325726,1094.3929087363856,34.01287716020559,33.76630239489315,-0.20284053337389651,9.647414687577407e-05
Tata Communications Ltd.,1864.550048828125,63758,-0.684674609160965,8.790174161297639,4.96769573902648,1849.2722984166558,34.76048856267717,17.687651030118833,-0.2815099437817774,8.234974993698569e-05
Tata Consultancy Services Ltd.,3833.300048828125,194828,0.425580694245955,24.668993953070476,6.610551685611247,3839.5951348135086,40.16809543558387,31.361416890583918,0.2970949619560983,-1.6504629177721553e-05
Tata Consumer Products Ltd.,1112.449951171875,113069,-0.6088773494017758,15.893097837416459,3.021192102256258,1119.7835009982023,38.93688491471785,22.33458502187357,0.01882346165682125,-6.625378362187036e-05
Tata Elxsi Ltd.,7270.0,7618,-3.733111680545184,36.666933776076704,24.27434418207752,7147.900054319656,54.51594958007839,46.42857142857143,1.1129711391535775,0.00016879437860607615
Tata Motors Ltd DVR,667.75,81846,0.3258780514739581,17.59521726745533,2.078475781072765,654.4944710577993,56.4283775773108,61.4818431712963,-0.06059932698101489,0.00019950789427779342
Tata Motors Ltd.,992.2000122070312,772970,0.31274013786756694,28.836748226422976,2.8073783399742234,973.7235280670369,55.84748111235307,50.0,-0.1699435529926996,0.0001871530998338067
Tata Power Co. Ltd.,448.5,571089,-0.008869837437376793,26.75861359048133,1.1163697903134153,445.43770477549543,41.18118195837947,32.75876583743739,-0.0016403246442271424,6.862170886767226e-05
Tata Steel Ltd.,182.91000366210938,2817457,0.08240149245353326,16.803521741827847,0.49083409551427215,178.95836503110422,57.887017752418586,66.28592354910714,-0.009035633747630792,0.00021712842556714812
Tata Technologies Ltd.,1037.0,105053,0.32159859084976894,52.952474628842346,1.1450022105163422,1050.2053342677698,20.37223220097009,3.8452509507488615,-0.05962865123221839,-0.00012798160782476103
Tech Mahindra Ltd.,1373.0,197561,0.10448989878075143,27.873618022231284,4.133875290887212,1348.664426375914,44.272093477176064,46.54055216042748,0.012748515526579185,0.00017813447151339271
Titan Company Ltd.,3531.949951171875,257168,2.4114725790952107,57.49017685567947,10.359500170788252,3409.5120340071326,76.8349236905427,94.55348423549107,0.24983401244977088,0.00034840013245189284
Torrent Pharmaceuticals Ltd.,2872.0,13736,-2.4296339098450908,20.270042246923083,9.913481182437021,2836.6105052301705,39.76433428255754,22.287672021650256,-0.5914471733864177,0.0001238416832414875
Torrent Power Ltd.,1601.800048828125,23063,1.3364449173179471,15.521921494853945,5.810351242928291,1544.9400969786466,70.13834773761609,90.22243923611111,0.506235167777682,0.0003567591366509227
Trent Ltd.,5252.0498046875,120860,1.734763659080489,37.537603825055605,25.693755630309482,4969.70022818306,67.19041090284082,74.2487252625202,0.9198298440391568,0.0005403003192090466
Tube Investments of India Ltd.,4310.9501953125,17039,-2.547375221717669,25.167537788192387,20.431405626447148,4054.1143605463103,64.74505357993573,82.02624203574581,0.2646415877186534,0.0005987693093331618
UPL Ltd.,551.7000122070312,287604,-0.0012365919156918093,16.23902012389079,1.8361913791102142,544.135975162699,44.5842060845828,32.258001004124786,0.05035104190315387,0.00013779313236422116
UltraTech Cement Ltd.,11242.7998046875,41033,1.7379506889075849,38.51405963080094,27.4989413805705,10792.932843834751,64.49671540621024,73.88212316176471,-0.7596824950349408,0.0004021485810487938
Union Bank of India,147.58999633789062,723931,0.025726245580465296,18.2344851584867,0.38899316315681726,147.82041603523743,60.43591520905478,81.60867125017539,0.015785985682386455,-1.5690601735868443e-05
United Spirits Ltd.,1305.449951171875,227622,0.7606794188384907,25.20885048420003,8.493284581187323,1221.020254132061,64.90732312262503,77.10008766561357,0.18174026132469123,0.0006499978555135429
Varun Beverages Ltd.,1641.300048828125,365782,0.9407614760758918,63.978331250670145,7.994044061985916,1548.6924840100457,75.40938167236925,78.2501220703125,0.45155969255821304,0.000567068340318816
Vedanta Ltd.,447.6000061035156,667055,-0.3860002972674834,24.67300750125337,1.5119476573081465,447.888096347268,46.95790111919403,41.836899927754665,-0.07120088246851064,-6.468675814779685e-06
Vodafone Idea Ltd.,16.780000686645508,121081683,0.04585605683574984,32.10593464964085,0.12192254143806742,15.871252829085893,74.3576052376759,89.85512454424078,0.0075762970886675066,0.0005442874805334
Voltas Ltd.,1497.0,127324,-0.12985589513994178,48.699759357224146,6.307107940882981,1454.4683916526733,59.523871039943494,50.342382716152606,-0.3244317457957493,0.00028553998010979857
Wipro Ltd.,477.0,882512,0.005094923352580993,31.161395981209175,1.0792637080600005,472.9347874425515,37.038527153632174,21.538837139423077,-0.05797698734785173,8.565284614796628e-05
Yes Bank Ltd.,23.81999969482422,9056679,0.005155261432823667,12.427993434668677,0.061546885469241516,23.607213722479795,46.577234998365725,46.66658189540073,0.0010783814044780168,8.97797024883689e-05
Zee Entertainment Enterprises Ltd.,163.97999572753906,1561217,0.12401130373763175,17.452026295201136,0.6935012798885947,160.32738034674912,50.772203511491995,61.16972923836114,-0.005144427743928759,0.00022386695496997007
Zomato Ltd.,186.19000244140625,2695134,-0.008115529873759186,19.489064320184507,0.5831296000313559,183.12721611078544,59.95945022712666,87.0834022099869,-3.0573927543520174e-05,0.00016532451669489082
Zydus Lifesciences Ltd.,1110.5,89471,0.39677043733704664,28.324811656693527,4.138105993728871,1077.1330710469647,66.65107765789591,91.82171316548983,0.22005364443638165,0.0003019775052936151
